{
 "departure[ij]": {
  "cdelta": [[0],[0],[0],[0],[0],[0],[0],[0],[0],[0]], 
  "ctau": [[0],[0],[0],[0],[0],[0],[0],[0],[0],[0]], 
  "d": [
   1.0, 
   1.0, 
   1.0, 
   2.0, 
   3.0, 
   4.0, 
   5.0, 
   6.0, 
   6.0, 
   8.0
  ], 
  "ldelta": [[0],[0],[0],[0],[0],[0],[0],[0],[0],[0]], 
  "ltau": [[0],[0],[0],[0],[0],[0],[0],[0],[0],[0]], 
  "n": [
  -0.245476271425e-1,
  -0.241206117483,
  -0.513801950309e-2,
  -0.239824834123e-1,
   0.259772344008,
  -0.172014123104,
   0.429490028551e-1,
  -0.202108593862e-3,
  -0.382984234857e-2,
   0.262992331354e-5
  ], 
  "t": [
   2,
   4,
   -2,
   1,
   4,
   4,
   4,
   0,
   4, 
   -2
  ]
 }
}